CREATE TABLE [Product_Type]
(
	[id] int NOT NULL,
	[name] nvarchar(100) NOT NULL,
	[description] nvarchar(max) NULL,
	PRIMARY KEY CLUSTERED ([id] ASC)
);

CREATE TABLE [dbo].[Product] (
    [id]             INT           NOT NULL,
    [name]           NVARCHAR (250) NOT NULL,
    [type_id]        INT           NOT NULL,
    [coop_status_id] INT           NOT NULL,
    [description]    NVARCHAR (MAX) NULL,
    FOREIGN KEY ([type_id]) REFERENCES [dbo].[Product_Type] ([id]),
    PRIMARY KEY CLUSTERED ([id] ASC)
);

CREATE TABLE [dbo].[Product_Link] (
    [parent_product_id]   INT        NOT NULL,
    [included_product_id] INT        NOT NULL,
    [amount]              FLOAT      NOT NULL,
    PRIMARY KEY CLUSTERED ([parent_product_id] ASC, [included_product_id] ASC),
    FOREIGN KEY ([parent_product_id]) REFERENCES [dbo].[Product] ([id]),
    FOREIGN KEY ([included_product_id]) REFERENCES [dbo].[Product] ([id])
);

INSERT [dbo].[Product_Type] ([id], [name], [description]) VALUES (-1, N'Default', N'')
INSERT [dbo].[Product_Type] ([id], [name], [description]) VALUES (0, N'Изделие', N'')
INSERT [dbo].[Product_Type] ([id], [name], [description]) VALUES (1, N'Деталь', N'')
INSERT [dbo].[Product_Type] ([id], [name], [description]) VALUES (2, N'Стандартное', N'')
INSERT [dbo].[Product_Type] ([id], [name], [description]) VALUES (3, N'Остальное', N'')

INSERT [dbo].[Product] ([id], [name], [type_id], [coop_status_id], [description]) VALUES (1, N'Дет1', 1, 1, NULL)
INSERT [dbo].[Product] ([id], [name], [type_id], [coop_status_id], [description]) VALUES (2, N'Дет2', 1, 1, NULL)
INSERT [dbo].[Product] ([id], [name], [type_id], [coop_status_id], [description]) VALUES (3, N'Дет3', 1, 1, NULL)
INSERT [dbo].[Product] ([id], [name], [type_id], [coop_status_id], [description]) VALUES (4, N'Дет4', 1, 1, NULL)
INSERT [dbo].[Product] ([id], [name], [type_id], [coop_status_id], [description]) VALUES (5, N'Дет5', 1, 1, NULL)
INSERT [dbo].[Product] ([id], [name], [type_id], [coop_status_id], [description]) VALUES (6, N'Дет6', 1, 1, NULL)
INSERT [dbo].[Product] ([id], [name], [type_id], [coop_status_id], [description]) VALUES (7, N'Дет7', 1, 1, NULL)
INSERT [dbo].[Product] ([id], [name], [type_id], [coop_status_id], [description]) VALUES (8, N'Дет8', 1, 1, NULL)
INSERT [dbo].[Product] ([id], [name], [type_id], [coop_status_id], [description]) VALUES (9, N'Сб1', 1, 1, NULL)
INSERT [dbo].[Product] ([id], [name], [type_id], [coop_status_id], [description]) VALUES (10, N'Сб2', 1, 1, NULL)
INSERT [dbo].[Product] ([id], [name], [type_id], [coop_status_id], [description]) VALUES (11, N'Изд1 (СБ3)', 0, 1, NULL)
INSERT [dbo].[Product] ([id], [name], [type_id], [coop_status_id], [description]) VALUES (12, N'Изд2 (СБ4)', 0, 1, N' ')
INSERT [dbo].[Product] ([id], [name], [type_id], [coop_status_id], [description]) VALUES (202, N'Лист 1', 3, 1, NULL)
INSERT [dbo].[Product] ([id], [name], [type_id], [coop_status_id], [description]) VALUES (203, N'Лист 2', 3, 1, NULL)
INSERT [dbo].[Product] ([id], [name], [type_id], [coop_status_id], [description]) VALUES (204, N'Лист 3', 3, 1, NULL)
INSERT [dbo].[Product] ([id], [name], [type_id], [coop_status_id], [description]) VALUES (205, N'Лист 4', 3, 1, NULL)
INSERT [dbo].[Product] ([id], [name], [type_id], [coop_status_id], [description]) VALUES (206, N'Лист 5', 3, 1, NULL)

INSERT [dbo].[Product_Link] ([parent_product_id], [included_product_id], [amount]) VALUES (9, 1, 2)
INSERT [dbo].[Product_Link] ([parent_product_id], [included_product_id], [amount]) VALUES (9, 2, 1)
INSERT [dbo].[Product_Link] ([parent_product_id], [included_product_id], [amount]) VALUES (10, 4, 1)
INSERT [dbo].[Product_Link] ([parent_product_id], [included_product_id], [amount]) VALUES (10, 5, 1)
INSERT [dbo].[Product_Link] ([parent_product_id], [included_product_id], [amount]) VALUES (11, 3, 2)
INSERT [dbo].[Product_Link] ([parent_product_id], [included_product_id], [amount]) VALUES (11, 9, 2)
INSERT [dbo].[Product_Link] ([parent_product_id], [included_product_id], [amount]) VALUES (11, 10, 1)
INSERT [dbo].[Product_Link] ([parent_product_id], [included_product_id], [amount]) VALUES (11, 202, 0.2857)
INSERT [dbo].[Product_Link] ([parent_product_id], [included_product_id], [amount]) VALUES (11, 203, 0.1429)
INSERT [dbo].[Product_Link] ([parent_product_id], [included_product_id], [amount]) VALUES (11, 204, 0.1429)
INSERT [dbo].[Product_Link] ([parent_product_id], [included_product_id], [amount]) VALUES (12, 6, 1)
INSERT [dbo].[Product_Link] ([parent_product_id], [included_product_id], [amount]) VALUES (12, 7, 2)
INSERT [dbo].[Product_Link] ([parent_product_id], [included_product_id], [amount]) VALUES (12, 8, 1)
INSERT [dbo].[Product_Link] ([parent_product_id], [included_product_id], [amount]) VALUES (12, 205, 0.2)
INSERT [dbo].[Product_Link] ([parent_product_id], [included_product_id], [amount]) VALUES (12, 206, 0.2)

CREATE TABLE [dbo].[Operation_Type] (
    [id]          INT           NOT NULL,
    [name]        NVARCHAR (100) NOT NULL,
    [description] NVARCHAR (MAX) NULL,
    PRIMARY KEY CLUSTERED ([id] ASC)
);

CREATE TABLE [dbo].[Operation] (
    [id]             INT           NOT NULL,
    [code]           INT           NOT NULL,
    [type_id]        INT           NOT NULL,
    [product_id]     INT           NOT NULL,
    [coop_status_id] INT           NOT NULL,
    [description]    NVARCHAR (MAX) NULL,
    PRIMARY KEY CLUSTERED ([id] ASC),
    FOREIGN KEY ([product_id]) REFERENCES [dbo].[Product] ([id]),
    FOREIGN KEY ([type_id]) REFERENCES [dbo].[Operation_Type] ([id])
);

INSERT [dbo].[Operation_Type] ([id], [name], [description]) VALUES (-1, N'Default', N'')
INSERT [dbo].[Operation_Type] ([id], [name], [description]) VALUES (1, N'Сборка-сварка', NULL)
INSERT [dbo].[Operation_Type] ([id], [name], [description]) VALUES (2, N'Токарная', NULL)
INSERT [dbo].[Operation_Type] ([id], [name], [description]) VALUES (3, N'Сверление', NULL)
INSERT [dbo].[Operation_Type] ([id], [name], [description]) VALUES (4, N'Фрезерная', NULL)
INSERT [dbo].[Operation_Type] ([id], [name], [description]) VALUES (5, N'Сборка', NULL)
INSERT [dbo].[Operation_Type] ([id], [name], [description]) VALUES (6, N'Транспорт 1', NULL)
INSERT [dbo].[Operation_Type] ([id], [name], [description]) VALUES (7, N'Транспорт 2', NULL)
INSERT [dbo].[Operation_Type] ([id], [name], [description]) VALUES (8, N'Загрузка Д', NULL)
INSERT [dbo].[Operation_Type] ([id], [name], [description]) VALUES (9, N'Загрузка П', NULL)
INSERT [dbo].[Operation_Type] ([id], [name], [description]) VALUES (10, N'Очистка', NULL)
INSERT [dbo].[Operation_Type] ([id], [name], [description]) VALUES (11, N'Выгрузка', NULL)
INSERT [dbo].[Operation_Type] ([id], [name], [description]) VALUES (12, N'Выкройка', NULL)

INSERT [dbo].[Operation] ([id], [code], [type_id], [product_id], [coop_status_id], [description]) VALUES (1, 5, 2, 1, 0, N'')
INSERT [dbo].[Operation] ([id], [code], [type_id], [product_id], [coop_status_id], [description]) VALUES (4, 10, 3, 1, 0, N'')
INSERT [dbo].[Operation] ([id], [code], [type_id], [product_id], [coop_status_id], [description]) VALUES (6, 5, 4, 2, 0, N'')
INSERT [dbo].[Operation] ([id], [code], [type_id], [product_id], [coop_status_id], [description]) VALUES (8, 10, 3, 2, 0, N'')
INSERT [dbo].[Operation] ([id], [code], [type_id], [product_id], [coop_status_id], [description]) VALUES (10, 5, 2, 3, 0, N'')
INSERT [dbo].[Operation] ([id], [code], [type_id], [product_id], [coop_status_id], [description]) VALUES (12, 5, 4, 4, 0, N'')
INSERT [dbo].[Operation] ([id], [code], [type_id], [product_id], [coop_status_id], [description]) VALUES (14, 10, 3, 4, 0, N'')
INSERT [dbo].[Operation] ([id], [code], [type_id], [product_id], [coop_status_id], [description]) VALUES (16, 5, 2, 5, 0, N'')
INSERT [dbo].[Operation] ([id], [code], [type_id], [product_id], [coop_status_id], [description]) VALUES (19, 10, 4, 5, 0, N'')
INSERT [dbo].[Operation] ([id], [code], [type_id], [product_id], [coop_status_id], [description]) VALUES (22, 5, 5, 10, 0, N'')
INSERT [dbo].[Operation] ([id], [code], [type_id], [product_id], [coop_status_id], [description]) VALUES (24, 5, 2, 6, 0, N'')
INSERT [dbo].[Operation] ([id], [code], [type_id], [product_id], [coop_status_id], [description]) VALUES (26, 10, 3, 6, 0, N'')
INSERT [dbo].[Operation] ([id], [code], [type_id], [product_id], [coop_status_id], [description]) VALUES (28, 5, 4, 7, 0, N'')
INSERT [dbo].[Operation] ([id], [code], [type_id], [product_id], [coop_status_id], [description]) VALUES (30, 10, 3, 7, 0, N'')
INSERT [dbo].[Operation] ([id], [code], [type_id], [product_id], [coop_status_id], [description]) VALUES (32, 5, 2, 8, 0, N'')
INSERT [dbo].[Operation] ([id], [code], [type_id], [product_id], [coop_status_id], [description]) VALUES (34, 10, 4, 8, 0, N'')
INSERT [dbo].[Operation] ([id], [code], [type_id], [product_id], [coop_status_id], [description]) VALUES (70, 5, 6, 205, 0, N'')
INSERT [dbo].[Operation] ([id], [code], [type_id], [product_id], [coop_status_id], [description]) VALUES (71, 10, 8, 205, 0, N'')
INSERT [dbo].[Operation] ([id], [code], [type_id], [product_id], [coop_status_id], [description]) VALUES (72, 15, 10, 205, 0, N'')
INSERT [dbo].[Operation] ([id], [code], [type_id], [product_id], [coop_status_id], [description]) VALUES (73, 20, 11, 205, 0, N'')
INSERT [dbo].[Operation] ([id], [code], [type_id], [product_id], [coop_status_id], [description]) VALUES (74, 25, 7, 205, 0, N'')
INSERT [dbo].[Operation] ([id], [code], [type_id], [product_id], [coop_status_id], [description]) VALUES (75, 30, 9, 205, 0, N'')
INSERT [dbo].[Operation] ([id], [code], [type_id], [product_id], [coop_status_id], [description]) VALUES (76, 35, 12, 205, 0, N'')
INSERT [dbo].[Operation] ([id], [code], [type_id], [product_id], [coop_status_id], [description]) VALUES (77, 5, 6, 206, 0, N'')
INSERT [dbo].[Operation] ([id], [code], [type_id], [product_id], [coop_status_id], [description]) VALUES (78, 10, 8, 206, 0, N'')
INSERT [dbo].[Operation] ([id], [code], [type_id], [product_id], [coop_status_id], [description]) VALUES (79, 15, 10, 206, 0, N'')
INSERT [dbo].[Operation] ([id], [code], [type_id], [product_id], [coop_status_id], [description]) VALUES (80, 20, 11, 206, 0, N'')
INSERT [dbo].[Operation] ([id], [code], [type_id], [product_id], [coop_status_id], [description]) VALUES (81, 25, 7, 206, 0, N'')
INSERT [dbo].[Operation] ([id], [code], [type_id], [product_id], [coop_status_id], [description]) VALUES (82, 30, 9, 206, 0, N'')
INSERT [dbo].[Operation] ([id], [code], [type_id], [product_id], [coop_status_id], [description]) VALUES (83, 35, 12, 206, 0, N'')
INSERT [dbo].[Operation] ([id], [code], [type_id], [product_id], [coop_status_id], [description]) VALUES (85, 5, 5, 12, 0, N'')
INSERT [dbo].[Operation] ([id], [code], [type_id], [product_id], [coop_status_id], [description]) VALUES (86, 5, 1, 9, 0, N'')
INSERT [dbo].[Operation] ([id], [code], [type_id], [product_id], [coop_status_id], [description]) VALUES (87, 5, 1, 11, 0, N'')
INSERT [dbo].[Operation] ([id], [code], [type_id], [product_id], [coop_status_id], [description]) VALUES (88, 5, 6, 202, 0, N'')
INSERT [dbo].[Operation] ([id], [code], [type_id], [product_id], [coop_status_id], [description]) VALUES (89, 10, 8, 202, 0, N'')
INSERT [dbo].[Operation] ([id], [code], [type_id], [product_id], [coop_status_id], [description]) VALUES (90, 15, 10, 202, 0, N'')
INSERT [dbo].[Operation] ([id], [code], [type_id], [product_id], [coop_status_id], [description]) VALUES (91, 20, 11, 202, 0, N'')
INSERT [dbo].[Operation] ([id], [code], [type_id], [product_id], [coop_status_id], [description]) VALUES (92, 25, 7, 202, 0, N'')
INSERT [dbo].[Operation] ([id], [code], [type_id], [product_id], [coop_status_id], [description]) VALUES (93, 30, 9, 202, 0, N'')
INSERT [dbo].[Operation] ([id], [code], [type_id], [product_id], [coop_status_id], [description]) VALUES (94, 35, 12, 202, 0, N'')
INSERT [dbo].[Operation] ([id], [code], [type_id], [product_id], [coop_status_id], [description]) VALUES (95, 5, 6, 203, 0, N'')
INSERT [dbo].[Operation] ([id], [code], [type_id], [product_id], [coop_status_id], [description]) VALUES (96, 10, 8, 203, 0, N'')
INSERT [dbo].[Operation] ([id], [code], [type_id], [product_id], [coop_status_id], [description]) VALUES (97, 15, 10, 203, 0, N'')
INSERT [dbo].[Operation] ([id], [code], [type_id], [product_id], [coop_status_id], [description]) VALUES (98, 20, 11, 203, 0, N'')
INSERT [dbo].[Operation] ([id], [code], [type_id], [product_id], [coop_status_id], [description]) VALUES (99, 25, 7, 203, 0, N'')
INSERT [dbo].[Operation] ([id], [code], [type_id], [product_id], [coop_status_id], [description]) VALUES (100, 30, 9, 203, 0, N'')
INSERT [dbo].[Operation] ([id], [code], [type_id], [product_id], [coop_status_id], [description]) VALUES (101, 35, 12, 203, 0, N'')
INSERT [dbo].[Operation] ([id], [code], [type_id], [product_id], [coop_status_id], [description]) VALUES (102, 5, 6, 204, 0, N'')
INSERT [dbo].[Operation] ([id], [code], [type_id], [product_id], [coop_status_id], [description]) VALUES (103, 10, 8, 204, 0, N'')
INSERT [dbo].[Operation] ([id], [code], [type_id], [product_id], [coop_status_id], [description]) VALUES (104, 15, 10, 204, 0, N'')
INSERT [dbo].[Operation] ([id], [code], [type_id], [product_id], [coop_status_id], [description]) VALUES (105, 20, 11, 204, 0, N'')
INSERT [dbo].[Operation] ([id], [code], [type_id], [product_id], [coop_status_id], [description]) VALUES (106, 25, 7, 204, 0, N'')
INSERT [dbo].[Operation] ([id], [code], [type_id], [product_id], [coop_status_id], [description]) VALUES (107, 30, 9, 204, 0, N'')
INSERT [dbo].[Operation] ([id], [code], [type_id], [product_id], [coop_status_id], [description]) VALUES (108, 35, 12, 204, 0, N'')

CREATE TABLE [dbo].[Operation_Variant] (
    [id]           INT           NOT NULL,
    [operation_id] INT           NOT NULL,
    [duration]     INT           NOT NULL,
    [description]  NVARCHAR (MAX) NULL,
    PRIMARY KEY CLUSTERED ([id] ASC),
    FOREIGN KEY ([operation_id]) REFERENCES [dbo].[Operation] ([id])
);

CREATE TABLE [dbo].[Equipment_Type]
(
	[id] INT NOT NULL PRIMARY KEY,
	[name] nvarchar(30) not null,
	[description] nvarchar(max) null
)

CREATE TABLE [dbo].[Equipment] (
    [id]               INT           NOT NULL,
    [inventory_number] INT           NOT NULL,
    [name]             NVARCHAR (30)  NOT NULL,
    [area_id]          NVARCHAR (30)  NOT NULL,
    [type_id]          INT           NOT NULL,
    [load_factor]      INT           NOT NULL,
    [description]      NVARCHAR (MAX) NULL,
    [short_name]       NVARCHAR (10)  NULL,
    FOREIGN KEY ([type_id]) REFERENCES [dbo].[Equipment_Type] ([id]),
    PRIMARY KEY CLUSTERED ([id] ASC)
);

CREATE TABLE [dbo].[Operation_Variant_Component]
(
	[id] INT NOT NULL PRIMARY KEY,
	[operation_variant_id] int not null, 
	[equipment_id] int not null, 
	[profession_id] int null, 
	[workers_amount] int null,
	FOREIGN KEY ([operation_variant_id]) REFERENCES [dbo].[Operation_Variant] ([id]),
	FOREIGN KEY ([equipment_id]) REFERENCES [dbo].[Equipment] ([id])
)

INSERT [dbo].[Operation_Variant] ([id], [operation_id], [duration], [description]) VALUES (1, 1, 5, N'')
INSERT [dbo].[Operation_Variant] ([id], [operation_id], [duration], [description]) VALUES (2, 1, 5, N'')
INSERT [dbo].[Operation_Variant] ([id], [operation_id], [duration], [description]) VALUES (4, 4, 3, N'')
INSERT [dbo].[Operation_Variant] ([id], [operation_id], [duration], [description]) VALUES (5, 4, 3, N'')
INSERT [dbo].[Operation_Variant] ([id], [operation_id], [duration], [description]) VALUES (6, 6, 6, N'')
INSERT [dbo].[Operation_Variant] ([id], [operation_id], [duration], [description]) VALUES (7, 6, 6, N'')
INSERT [dbo].[Operation_Variant] ([id], [operation_id], [duration], [description]) VALUES (8, 8, 2, N'')
INSERT [dbo].[Operation_Variant] ([id], [operation_id], [duration], [description]) VALUES (9, 8, 2, N'')
INSERT [dbo].[Operation_Variant] ([id], [operation_id], [duration], [description]) VALUES (10, 10, 5, N'')
INSERT [dbo].[Operation_Variant] ([id], [operation_id], [duration], [description]) VALUES (11, 10, 5, N'')
INSERT [dbo].[Operation_Variant] ([id], [operation_id], [duration], [description]) VALUES (12, 12, 5, N'')
INSERT [dbo].[Operation_Variant] ([id], [operation_id], [duration], [description]) VALUES (13, 12, 5, N'')
INSERT [dbo].[Operation_Variant] ([id], [operation_id], [duration], [description]) VALUES (14, 14, 4, N'')
INSERT [dbo].[Operation_Variant] ([id], [operation_id], [duration], [description]) VALUES (15, 14, 4, N'')
INSERT [dbo].[Operation_Variant] ([id], [operation_id], [duration], [description]) VALUES (16, 16, 4, N'')
INSERT [dbo].[Operation_Variant] ([id], [operation_id], [duration], [description]) VALUES (17, 16, 4, N'')
INSERT [dbo].[Operation_Variant] ([id], [operation_id], [duration], [description]) VALUES (18, 16, 4, N'')
INSERT [dbo].[Operation_Variant] ([id], [operation_id], [duration], [description]) VALUES (19, 19, 6, N'')
INSERT [dbo].[Operation_Variant] ([id], [operation_id], [duration], [description]) VALUES (20, 19, 6, N'')
INSERT [dbo].[Operation_Variant] ([id], [operation_id], [duration], [description]) VALUES (22, 22, 10, N'')
INSERT [dbo].[Operation_Variant] ([id], [operation_id], [duration], [description]) VALUES (24, 24, 6, N'')
INSERT [dbo].[Operation_Variant] ([id], [operation_id], [duration], [description]) VALUES (25, 24, 6, N'')
INSERT [dbo].[Operation_Variant] ([id], [operation_id], [duration], [description]) VALUES (26, 26, 2, N'')
INSERT [dbo].[Operation_Variant] ([id], [operation_id], [duration], [description]) VALUES (27, 26, 2, N'')
INSERT [dbo].[Operation_Variant] ([id], [operation_id], [duration], [description]) VALUES (28, 28, 5, N'')
INSERT [dbo].[Operation_Variant] ([id], [operation_id], [duration], [description]) VALUES (29, 28, 5, N'')
INSERT [dbo].[Operation_Variant] ([id], [operation_id], [duration], [description]) VALUES (30, 30, 4, N'')
INSERT [dbo].[Operation_Variant] ([id], [operation_id], [duration], [description]) VALUES (31, 30, 4, N'')
INSERT [dbo].[Operation_Variant] ([id], [operation_id], [duration], [description]) VALUES (32, 32, 4, N'')
INSERT [dbo].[Operation_Variant] ([id], [operation_id], [duration], [description]) VALUES (33, 32, 4, N'')
INSERT [dbo].[Operation_Variant] ([id], [operation_id], [duration], [description]) VALUES (34, 34, 4, N'')
INSERT [dbo].[Operation_Variant] ([id], [operation_id], [duration], [description]) VALUES (35, 34, 4, N'')
INSERT [dbo].[Operation_Variant] ([id], [operation_id], [duration], [description]) VALUES (92, 70, 3, N'')
INSERT [dbo].[Operation_Variant] ([id], [operation_id], [duration], [description]) VALUES (93, 71, 1, N'')
INSERT [dbo].[Operation_Variant] ([id], [operation_id], [duration], [description]) VALUES (94, 72, 5, N'')
INSERT [dbo].[Operation_Variant] ([id], [operation_id], [duration], [description]) VALUES (95, 73, 1, N'')
INSERT [dbo].[Operation_Variant] ([id], [operation_id], [duration], [description]) VALUES (96, 73, 1, N'')
INSERT [dbo].[Operation_Variant] ([id], [operation_id], [duration], [description]) VALUES (97, 74, 6, N'')
INSERT [dbo].[Operation_Variant] ([id], [operation_id], [duration], [description]) VALUES (98, 74, 6, N'')
INSERT [dbo].[Operation_Variant] ([id], [operation_id], [duration], [description]) VALUES (99, 75, 1, N'')
INSERT [dbo].[Operation_Variant] ([id], [operation_id], [duration], [description]) VALUES (100, 75, 1, N'')
INSERT [dbo].[Operation_Variant] ([id], [operation_id], [duration], [description]) VALUES (101, 75, 1, N'')
INSERT [dbo].[Operation_Variant] ([id], [operation_id], [duration], [description]) VALUES (102, 75, 1, N'')
INSERT [dbo].[Operation_Variant] ([id], [operation_id], [duration], [description]) VALUES (103, 76, 21, N'')
INSERT [dbo].[Operation_Variant] ([id], [operation_id], [duration], [description]) VALUES (104, 76, 21, N'')
INSERT [dbo].[Operation_Variant] ([id], [operation_id], [duration], [description]) VALUES (105, 77, 3, N'')
INSERT [dbo].[Operation_Variant] ([id], [operation_id], [duration], [description]) VALUES (106, 78, 1, N'')
INSERT [dbo].[Operation_Variant] ([id], [operation_id], [duration], [description]) VALUES (107, 79, 6, N'')
INSERT [dbo].[Operation_Variant] ([id], [operation_id], [duration], [description]) VALUES (108, 80, 1, N'')
INSERT [dbo].[Operation_Variant] ([id], [operation_id], [duration], [description]) VALUES (109, 80, 1, N'')
INSERT [dbo].[Operation_Variant] ([id], [operation_id], [duration], [description]) VALUES (110, 81, 6, N'')
INSERT [dbo].[Operation_Variant] ([id], [operation_id], [duration], [description]) VALUES (111, 81, 6, N'')
INSERT [dbo].[Operation_Variant] ([id], [operation_id], [duration], [description]) VALUES (112, 82, 1, N'')
INSERT [dbo].[Operation_Variant] ([id], [operation_id], [duration], [description]) VALUES (113, 82, 1, N'')
INSERT [dbo].[Operation_Variant] ([id], [operation_id], [duration], [description]) VALUES (114, 82, 1, N'')
INSERT [dbo].[Operation_Variant] ([id], [operation_id], [duration], [description]) VALUES (115, 82, 1, N'')
INSERT [dbo].[Operation_Variant] ([id], [operation_id], [duration], [description]) VALUES (116, 83, 16, N'')
INSERT [dbo].[Operation_Variant] ([id], [operation_id], [duration], [description]) VALUES (117, 83, 16, N'')
INSERT [dbo].[Operation_Variant] ([id], [operation_id], [duration], [description]) VALUES (119, 85, 12, N'')
INSERT [dbo].[Operation_Variant] ([id], [operation_id], [duration], [description]) VALUES (120, 86, 5, N'')
INSERT [dbo].[Operation_Variant] ([id], [operation_id], [duration], [description]) VALUES (121, 87, 10, N'')
INSERT [dbo].[Operation_Variant] ([id], [operation_id], [duration], [description]) VALUES (122, 88, 3, N'')
INSERT [dbo].[Operation_Variant] ([id], [operation_id], [duration], [description]) VALUES (123, 89, 1, N'')
INSERT [dbo].[Operation_Variant] ([id], [operation_id], [duration], [description]) VALUES (124, 90, 9, N'')
INSERT [dbo].[Operation_Variant] ([id], [operation_id], [duration], [description]) VALUES (125, 91, 1, N'')
INSERT [dbo].[Operation_Variant] ([id], [operation_id], [duration], [description]) VALUES (126, 91, 1, N'')
INSERT [dbo].[Operation_Variant] ([id], [operation_id], [duration], [description]) VALUES (127, 92, 6, N'')
INSERT [dbo].[Operation_Variant] ([id], [operation_id], [duration], [description]) VALUES (128, 92, 6, N'')
INSERT [dbo].[Operation_Variant] ([id], [operation_id], [duration], [description]) VALUES (129, 93, 1, N'')
INSERT [dbo].[Operation_Variant] ([id], [operation_id], [duration], [description]) VALUES (130, 93, 1, N'')
INSERT [dbo].[Operation_Variant] ([id], [operation_id], [duration], [description]) VALUES (131, 93, 1, N'')
INSERT [dbo].[Operation_Variant] ([id], [operation_id], [duration], [description]) VALUES (132, 93, 1, N'')
INSERT [dbo].[Operation_Variant] ([id], [operation_id], [duration], [description]) VALUES (133, 94, 31, N'')
INSERT [dbo].[Operation_Variant] ([id], [operation_id], [duration], [description]) VALUES (134, 94, 31, N'')
INSERT [dbo].[Operation_Variant] ([id], [operation_id], [duration], [description]) VALUES (135, 95, 3, N'')
INSERT [dbo].[Operation_Variant] ([id], [operation_id], [duration], [description]) VALUES (136, 96, 1, N'')
INSERT [dbo].[Operation_Variant] ([id], [operation_id], [duration], [description]) VALUES (137, 97, 11, N'')
INSERT [dbo].[Operation_Variant] ([id], [operation_id], [duration], [description]) VALUES (138, 98, 1, N'')
INSERT [dbo].[Operation_Variant] ([id], [operation_id], [duration], [description]) VALUES (139, 98, 1, N'')
INSERT [dbo].[Operation_Variant] ([id], [operation_id], [duration], [description]) VALUES (140, 99, 6, N'')
INSERT [dbo].[Operation_Variant] ([id], [operation_id], [duration], [description]) VALUES (141, 99, 6, N'')
INSERT [dbo].[Operation_Variant] ([id], [operation_id], [duration], [description]) VALUES (142, 100, 1, N'')
INSERT [dbo].[Operation_Variant] ([id], [operation_id], [duration], [description]) VALUES (143, 100, 1, N'')
INSERT [dbo].[Operation_Variant] ([id], [operation_id], [duration], [description]) VALUES (144, 100, 1, N'')
INSERT [dbo].[Operation_Variant] ([id], [operation_id], [duration], [description]) VALUES (145, 100, 1, N'')
INSERT [dbo].[Operation_Variant] ([id], [operation_id], [duration], [description]) VALUES (146, 101, 26, N'')
INSERT [dbo].[Operation_Variant] ([id], [operation_id], [duration], [description]) VALUES (147, 101, 26, N'')
INSERT [dbo].[Operation_Variant] ([id], [operation_id], [duration], [description]) VALUES (148, 102, 3, N'')
INSERT [dbo].[Operation_Variant] ([id], [operation_id], [duration], [description]) VALUES (149, 103, 1, N'')
INSERT [dbo].[Operation_Variant] ([id], [operation_id], [duration], [description]) VALUES (150, 104, 11, N'')
INSERT [dbo].[Operation_Variant] ([id], [operation_id], [duration], [description]) VALUES (151, 105, 1, N'')
INSERT [dbo].[Operation_Variant] ([id], [operation_id], [duration], [description]) VALUES (152, 105, 1, N'')
INSERT [dbo].[Operation_Variant] ([id], [operation_id], [duration], [description]) VALUES (153, 106, 6, N'')
INSERT [dbo].[Operation_Variant] ([id], [operation_id], [duration], [description]) VALUES (154, 106, 6, N'')
INSERT [dbo].[Operation_Variant] ([id], [operation_id], [duration], [description]) VALUES (155, 107, 1, N'')
INSERT [dbo].[Operation_Variant] ([id], [operation_id], [duration], [description]) VALUES (156, 107, 1, N'')
INSERT [dbo].[Operation_Variant] ([id], [operation_id], [duration], [description]) VALUES (157, 107, 1, N'')
INSERT [dbo].[Operation_Variant] ([id], [operation_id], [duration], [description]) VALUES (158, 107, 1, N'')
INSERT [dbo].[Operation_Variant] ([id], [operation_id], [duration], [description]) VALUES (159, 108, 24, N'')
INSERT [dbo].[Operation_Variant] ([id], [operation_id], [duration], [description]) VALUES (160, 108, 24, N'')

INSERT [dbo].[Equipment_Type] ([id], [name], [description]) VALUES (-1, N'Default', N'')
INSERT [dbo].[Equipment_Type] ([id], [name], [description]) VALUES (0, N'Обычный', N'')
INSERT [dbo].[Equipment_Type] ([id], [name], [description]) VALUES (1, N'Раскройный', N'')

INSERT [dbo].[Equipment] ([id], [inventory_number], [name], [area_id], [type_id], [load_factor], [description], [short_name]) VALUES (1, N'40001', N'Ф1', 2, 0, 1, NULL, N'')
INSERT [dbo].[Equipment] ([id], [inventory_number], [name], [area_id], [type_id], [load_factor], [description], [short_name]) VALUES (2, N'40002', N'Ф2', 2, 0, 1, NULL, N'')
INSERT [dbo].[Equipment] ([id], [inventory_number], [name], [area_id], [type_id], [load_factor], [description], [short_name]) VALUES (3, N'40003', N'Св1', 2, 0, 1, NULL, N'')
INSERT [dbo].[Equipment] ([id], [inventory_number], [name], [area_id], [type_id], [load_factor], [description], [short_name]) VALUES (4, N'40004', N'Св2', 2, 0, 1, NULL, N'')
INSERT [dbo].[Equipment] ([id], [inventory_number], [name], [area_id], [type_id], [load_factor], [description], [short_name]) VALUES (5, N'40005', N'Ток1', 2, 0, 1, NULL, N'')
INSERT [dbo].[Equipment] ([id], [inventory_number], [name], [area_id], [type_id], [load_factor], [description], [short_name]) VALUES (6, N'40006', N'Ток2', 2, 0, 1, NULL, N'')
INSERT [dbo].[Equipment] ([id], [inventory_number], [name], [area_id], [type_id], [load_factor], [description], [short_name]) VALUES (7, N'40007', N'Ток3', 2, 0, 1, NULL, N'')
INSERT [dbo].[Equipment] ([id], [inventory_number], [name], [area_id], [type_id], [load_factor], [description], [short_name]) VALUES (8, N'40008', N'Свар1', 3, 0, 1, NULL, N'')
INSERT [dbo].[Equipment] ([id], [inventory_number], [name], [area_id], [type_id], [load_factor], [description], [short_name]) VALUES (9, N'40009', N'Слес1', 3, 0, 1, NULL, N'')
INSERT [dbo].[Equipment] ([id], [inventory_number], [name], [area_id], [type_id], [load_factor], [description], [short_name]) VALUES (10, N'40010', N'Стенд1', 3, 0, 1, NULL, N'')
INSERT [dbo].[Equipment] ([id], [inventory_number], [name], [area_id], [type_id], [load_factor], [description], [short_name]) VALUES (11, N'40011', N'Стенд2', 3, 0, 1, NULL, N'')
INSERT [dbo].[Equipment] ([id], [inventory_number], [name], [area_id], [type_id], [load_factor], [description], [short_name]) VALUES (12, N'40012', N'Сварочный полуавтомат', 3, 0, 1, NULL, N'')
INSERT [dbo].[Equipment] ([id], [inventory_number], [name], [area_id], [type_id], [load_factor], [description], [short_name]) VALUES (14, N'40013', N'Кран 1', 1, 0, 1, NULL, N'')
INSERT [dbo].[Equipment] ([id], [inventory_number], [name], [area_id], [type_id], [load_factor], [description], [short_name]) VALUES (15, N'40014', N'Кран 2', 1, 0, 1, NULL, N'')
INSERT [dbo].[Equipment] ([id], [inventory_number], [name], [area_id], [type_id], [load_factor], [description], [short_name]) VALUES (16, N'40015', N'Кран 3', 1, 0, 1, NULL, N'')
INSERT [dbo].[Equipment] ([id], [inventory_number], [name], [area_id], [type_id], [load_factor], [description], [short_name]) VALUES (17, N'40016', N'Дробеструйка', 1, 0, 1, NULL, N'')
INSERT [dbo].[Equipment] ([id], [inventory_number], [name], [area_id], [type_id], [load_factor], [description], [short_name]) VALUES (18, N'40017', N'Плазма 1', 1, 1, 1, NULL, N'')
INSERT [dbo].[Equipment] ([id], [inventory_number], [name], [area_id], [type_id], [load_factor], [description], [short_name]) VALUES (19, N'40018', N'Плазма 2', 1, 1, 1, NULL, N'')


INSERT [dbo].[Operation_Variant_Component] ([id], [operation_variant_id], [equipment_id], [profession_id], [workers_amount]) VALUES (1, 6, 1, NULL, 1)
INSERT [dbo].[Operation_Variant_Component] ([id], [operation_variant_id], [equipment_id], [profession_id], [workers_amount]) VALUES (2, 12, 1, NULL, 1)
INSERT [dbo].[Operation_Variant_Component] ([id], [operation_variant_id], [equipment_id], [profession_id], [workers_amount]) VALUES (3, 19, 1, NULL, 1)
INSERT [dbo].[Operation_Variant_Component] ([id], [operation_variant_id], [equipment_id], [profession_id], [workers_amount]) VALUES (4, 28, 1, NULL, 1)
INSERT [dbo].[Operation_Variant_Component] ([id], [operation_variant_id], [equipment_id], [profession_id], [workers_amount]) VALUES (5, 34, 1, NULL, 1)
INSERT [dbo].[Operation_Variant_Component] ([id], [operation_variant_id], [equipment_id], [profession_id], [workers_amount]) VALUES (6, 7, 2, NULL, 1)
INSERT [dbo].[Operation_Variant_Component] ([id], [operation_variant_id], [equipment_id], [profession_id], [workers_amount]) VALUES (7, 13, 2, NULL, 1)
INSERT [dbo].[Operation_Variant_Component] ([id], [operation_variant_id], [equipment_id], [profession_id], [workers_amount]) VALUES (8, 20, 2, NULL, 1)
INSERT [dbo].[Operation_Variant_Component] ([id], [operation_variant_id], [equipment_id], [profession_id], [workers_amount]) VALUES (9, 29, 2, NULL, 1)
INSERT [dbo].[Operation_Variant_Component] ([id], [operation_variant_id], [equipment_id], [profession_id], [workers_amount]) VALUES (10, 35, 2, NULL, 1)
INSERT [dbo].[Operation_Variant_Component] ([id], [operation_variant_id], [equipment_id], [profession_id], [workers_amount]) VALUES (11, 4, 3, NULL, 1)
INSERT [dbo].[Operation_Variant_Component] ([id], [operation_variant_id], [equipment_id], [profession_id], [workers_amount]) VALUES (12, 8, 3, NULL, 1)
INSERT [dbo].[Operation_Variant_Component] ([id], [operation_variant_id], [equipment_id], [profession_id], [workers_amount]) VALUES (13, 14, 3, NULL, 1)
INSERT [dbo].[Operation_Variant_Component] ([id], [operation_variant_id], [equipment_id], [profession_id], [workers_amount]) VALUES (14, 26, 3, NULL, 1)
INSERT [dbo].[Operation_Variant_Component] ([id], [operation_variant_id], [equipment_id], [profession_id], [workers_amount]) VALUES (15, 30, 3, NULL, 1)
INSERT [dbo].[Operation_Variant_Component] ([id], [operation_variant_id], [equipment_id], [profession_id], [workers_amount]) VALUES (16, 5, 4, NULL, 1)
INSERT [dbo].[Operation_Variant_Component] ([id], [operation_variant_id], [equipment_id], [profession_id], [workers_amount]) VALUES (17, 9, 4, NULL, 1)
INSERT [dbo].[Operation_Variant_Component] ([id], [operation_variant_id], [equipment_id], [profession_id], [workers_amount]) VALUES (18, 15, 4, NULL, 1)
INSERT [dbo].[Operation_Variant_Component] ([id], [operation_variant_id], [equipment_id], [profession_id], [workers_amount]) VALUES (19, 27, 4, NULL, 1)
INSERT [dbo].[Operation_Variant_Component] ([id], [operation_variant_id], [equipment_id], [profession_id], [workers_amount]) VALUES (20, 31, 4, NULL, 1)
INSERT [dbo].[Operation_Variant_Component] ([id], [operation_variant_id], [equipment_id], [profession_id], [workers_amount]) VALUES (21, 1, 5, NULL, 1)
INSERT [dbo].[Operation_Variant_Component] ([id], [operation_variant_id], [equipment_id], [profession_id], [workers_amount]) VALUES (22, 16, 5, NULL, 1)
INSERT [dbo].[Operation_Variant_Component] ([id], [operation_variant_id], [equipment_id], [profession_id], [workers_amount]) VALUES (23, 24, 5, NULL, 1)
INSERT [dbo].[Operation_Variant_Component] ([id], [operation_variant_id], [equipment_id], [profession_id], [workers_amount]) VALUES (24, 2, 6, NULL, 1)
INSERT [dbo].[Operation_Variant_Component] ([id], [operation_variant_id], [equipment_id], [profession_id], [workers_amount]) VALUES (25, 10, 6, NULL, 1)
INSERT [dbo].[Operation_Variant_Component] ([id], [operation_variant_id], [equipment_id], [profession_id], [workers_amount]) VALUES (26, 17, 6, NULL, 1)
INSERT [dbo].[Operation_Variant_Component] ([id], [operation_variant_id], [equipment_id], [profession_id], [workers_amount]) VALUES (27, 25, 6, NULL, 1)
INSERT [dbo].[Operation_Variant_Component] ([id], [operation_variant_id], [equipment_id], [profession_id], [workers_amount]) VALUES (28, 32, 6, NULL, 1)
INSERT [dbo].[Operation_Variant_Component] ([id], [operation_variant_id], [equipment_id], [profession_id], [workers_amount]) VALUES (29, 11, 7, NULL, 1)
INSERT [dbo].[Operation_Variant_Component] ([id], [operation_variant_id], [equipment_id], [profession_id], [workers_amount]) VALUES (30, 18, 7, NULL, 1)
INSERT [dbo].[Operation_Variant_Component] ([id], [operation_variant_id], [equipment_id], [profession_id], [workers_amount]) VALUES (31, 33, 7, NULL, 1)
INSERT [dbo].[Operation_Variant_Component] ([id], [operation_variant_id], [equipment_id], [profession_id], [workers_amount]) VALUES (33, 22, 9, NULL, 2)
INSERT [dbo].[Operation_Variant_Component] ([id], [operation_variant_id], [equipment_id], [profession_id], [workers_amount]) VALUES (121, 92, 14, 1, 1)
INSERT [dbo].[Operation_Variant_Component] ([id], [operation_variant_id], [equipment_id], [profession_id], [workers_amount]) VALUES (122, 93, 14, 1, 1)
INSERT [dbo].[Operation_Variant_Component] ([id], [operation_variant_id], [equipment_id], [profession_id], [workers_amount]) VALUES (123, 93, 17, NULL, NULL)
INSERT [dbo].[Operation_Variant_Component] ([id], [operation_variant_id], [equipment_id], [profession_id], [workers_amount]) VALUES (124, 94, 17, 1, 1)
INSERT [dbo].[Operation_Variant_Component] ([id], [operation_variant_id], [equipment_id], [profession_id], [workers_amount]) VALUES (125, 95, 15, 1, 1)
INSERT [dbo].[Operation_Variant_Component] ([id], [operation_variant_id], [equipment_id], [profession_id], [workers_amount]) VALUES (126, 95, 17, NULL, NULL)
INSERT [dbo].[Operation_Variant_Component] ([id], [operation_variant_id], [equipment_id], [profession_id], [workers_amount]) VALUES (127, 96, 16, 1, 1)
INSERT [dbo].[Operation_Variant_Component] ([id], [operation_variant_id], [equipment_id], [profession_id], [workers_amount]) VALUES (128, 96, 17, NULL, NULL)
INSERT [dbo].[Operation_Variant_Component] ([id], [operation_variant_id], [equipment_id], [profession_id], [workers_amount]) VALUES (129, 97, 15, 1, 1)
INSERT [dbo].[Operation_Variant_Component] ([id], [operation_variant_id], [equipment_id], [profession_id], [workers_amount]) VALUES (130, 98, 16, 1, 1)
INSERT [dbo].[Operation_Variant_Component] ([id], [operation_variant_id], [equipment_id], [profession_id], [workers_amount]) VALUES (131, 99, 15, 1, 1)
INSERT [dbo].[Operation_Variant_Component] ([id], [operation_variant_id], [equipment_id], [profession_id], [workers_amount]) VALUES (132, 99, 18, NULL, NULL)
INSERT [dbo].[Operation_Variant_Component] ([id], [operation_variant_id], [equipment_id], [profession_id], [workers_amount]) VALUES (133, 100, 16, 1, 1)
INSERT [dbo].[Operation_Variant_Component] ([id], [operation_variant_id], [equipment_id], [profession_id], [workers_amount]) VALUES (134, 100, 18, NULL, NULL)
INSERT [dbo].[Operation_Variant_Component] ([id], [operation_variant_id], [equipment_id], [profession_id], [workers_amount]) VALUES (135, 101, 15, 1, 1)
INSERT [dbo].[Operation_Variant_Component] ([id], [operation_variant_id], [equipment_id], [profession_id], [workers_amount]) VALUES (136, 101, 19, NULL, NULL)
INSERT [dbo].[Operation_Variant_Component] ([id], [operation_variant_id], [equipment_id], [profession_id], [workers_amount]) VALUES (137, 102, 16, 1, 1)
INSERT [dbo].[Operation_Variant_Component] ([id], [operation_variant_id], [equipment_id], [profession_id], [workers_amount]) VALUES (138, 102, 19, NULL, NULL)
INSERT [dbo].[Operation_Variant_Component] ([id], [operation_variant_id], [equipment_id], [profession_id], [workers_amount]) VALUES (139, 103, 18, 1, 1)
INSERT [dbo].[Operation_Variant_Component] ([id], [operation_variant_id], [equipment_id], [profession_id], [workers_amount]) VALUES (140, 104, 19, 1, 1)
INSERT [dbo].[Operation_Variant_Component] ([id], [operation_variant_id], [equipment_id], [profession_id], [workers_amount]) VALUES (141, 105, 14, 1, 1)
INSERT [dbo].[Operation_Variant_Component] ([id], [operation_variant_id], [equipment_id], [profession_id], [workers_amount]) VALUES (142, 106, 14, 1, 1)
INSERT [dbo].[Operation_Variant_Component] ([id], [operation_variant_id], [equipment_id], [profession_id], [workers_amount]) VALUES (143, 106, 17, NULL, NULL)
INSERT [dbo].[Operation_Variant_Component] ([id], [operation_variant_id], [equipment_id], [profession_id], [workers_amount]) VALUES (144, 107, 17, 1, 1)
INSERT [dbo].[Operation_Variant_Component] ([id], [operation_variant_id], [equipment_id], [profession_id], [workers_amount]) VALUES (145, 108, 15, 1, 1)
INSERT [dbo].[Operation_Variant_Component] ([id], [operation_variant_id], [equipment_id], [profession_id], [workers_amount]) VALUES (146, 108, 17, NULL, NULL)
INSERT [dbo].[Operation_Variant_Component] ([id], [operation_variant_id], [equipment_id], [profession_id], [workers_amount]) VALUES (147, 109, 16, 1, 1)
INSERT [dbo].[Operation_Variant_Component] ([id], [operation_variant_id], [equipment_id], [profession_id], [workers_amount]) VALUES (148, 109, 17, NULL, NULL)
INSERT [dbo].[Operation_Variant_Component] ([id], [operation_variant_id], [equipment_id], [profession_id], [workers_amount]) VALUES (149, 110, 15, 1, 1)
INSERT [dbo].[Operation_Variant_Component] ([id], [operation_variant_id], [equipment_id], [profession_id], [workers_amount]) VALUES (150, 111, 16, 1, 1)
INSERT [dbo].[Operation_Variant_Component] ([id], [operation_variant_id], [equipment_id], [profession_id], [workers_amount]) VALUES (151, 112, 15, 1, 1)
INSERT [dbo].[Operation_Variant_Component] ([id], [operation_variant_id], [equipment_id], [profession_id], [workers_amount]) VALUES (152, 112, 18, NULL, NULL)
INSERT [dbo].[Operation_Variant_Component] ([id], [operation_variant_id], [equipment_id], [profession_id], [workers_amount]) VALUES (153, 113, 16, 1, 1)
INSERT [dbo].[Operation_Variant_Component] ([id], [operation_variant_id], [equipment_id], [profession_id], [workers_amount]) VALUES (154, 113, 18, NULL, NULL)
INSERT [dbo].[Operation_Variant_Component] ([id], [operation_variant_id], [equipment_id], [profession_id], [workers_amount]) VALUES (155, 114, 15, 1, 1)
INSERT [dbo].[Operation_Variant_Component] ([id], [operation_variant_id], [equipment_id], [profession_id], [workers_amount]) VALUES (156, 114, 19, NULL, NULL)
INSERT [dbo].[Operation_Variant_Component] ([id], [operation_variant_id], [equipment_id], [profession_id], [workers_amount]) VALUES (157, 115, 16, 1, 1)
INSERT [dbo].[Operation_Variant_Component] ([id], [operation_variant_id], [equipment_id], [profession_id], [workers_amount]) VALUES (158, 115, 19, NULL, NULL)
INSERT [dbo].[Operation_Variant_Component] ([id], [operation_variant_id], [equipment_id], [profession_id], [workers_amount]) VALUES (159, 116, 18, 1, 1)
INSERT [dbo].[Operation_Variant_Component] ([id], [operation_variant_id], [equipment_id], [profession_id], [workers_amount]) VALUES (160, 117, 19, 1, 1)
INSERT [dbo].[Operation_Variant_Component] ([id], [operation_variant_id], [equipment_id], [profession_id], [workers_amount]) VALUES (162, 119, 11, NULL, 2)
INSERT [dbo].[Operation_Variant_Component] ([id], [operation_variant_id], [equipment_id], [profession_id], [workers_amount]) VALUES (163, 120, 8, NULL, 2)
INSERT [dbo].[Operation_Variant_Component] ([id], [operation_variant_id], [equipment_id], [profession_id], [workers_amount]) VALUES (164, 121, 10, NULL, 3)
INSERT [dbo].[Operation_Variant_Component] ([id], [operation_variant_id], [equipment_id], [profession_id], [workers_amount]) VALUES (165, 122, 14, 1, 1)
INSERT [dbo].[Operation_Variant_Component] ([id], [operation_variant_id], [equipment_id], [profession_id], [workers_amount]) VALUES (166, 123, 14, 1, 1)
INSERT [dbo].[Operation_Variant_Component] ([id], [operation_variant_id], [equipment_id], [profession_id], [workers_amount]) VALUES (167, 123, 17, NULL, NULL)
INSERT [dbo].[Operation_Variant_Component] ([id], [operation_variant_id], [equipment_id], [profession_id], [workers_amount]) VALUES (168, 124, 17, 1, 1)
INSERT [dbo].[Operation_Variant_Component] ([id], [operation_variant_id], [equipment_id], [profession_id], [workers_amount]) VALUES (169, 125, 15, 1, 1)
INSERT [dbo].[Operation_Variant_Component] ([id], [operation_variant_id], [equipment_id], [profession_id], [workers_amount]) VALUES (170, 125, 17, NULL, NULL)
INSERT [dbo].[Operation_Variant_Component] ([id], [operation_variant_id], [equipment_id], [profession_id], [workers_amount]) VALUES (171, 126, 16, 1, 1)
INSERT [dbo].[Operation_Variant_Component] ([id], [operation_variant_id], [equipment_id], [profession_id], [workers_amount]) VALUES (172, 126, 17, NULL, NULL)
INSERT [dbo].[Operation_Variant_Component] ([id], [operation_variant_id], [equipment_id], [profession_id], [workers_amount]) VALUES (173, 127, 15, 1, 1)
INSERT [dbo].[Operation_Variant_Component] ([id], [operation_variant_id], [equipment_id], [profession_id], [workers_amount]) VALUES (174, 128, 16, 1, 1)
INSERT [dbo].[Operation_Variant_Component] ([id], [operation_variant_id], [equipment_id], [profession_id], [workers_amount]) VALUES (175, 129, 15, 1, 1)
INSERT [dbo].[Operation_Variant_Component] ([id], [operation_variant_id], [equipment_id], [profession_id], [workers_amount]) VALUES (176, 129, 18, NULL, NULL)
INSERT [dbo].[Operation_Variant_Component] ([id], [operation_variant_id], [equipment_id], [profession_id], [workers_amount]) VALUES (177, 130, 16, 1, 1)
INSERT [dbo].[Operation_Variant_Component] ([id], [operation_variant_id], [equipment_id], [profession_id], [workers_amount]) VALUES (178, 130, 18, NULL, NULL)
INSERT [dbo].[Operation_Variant_Component] ([id], [operation_variant_id], [equipment_id], [profession_id], [workers_amount]) VALUES (179, 131, 15, 1, 1)
INSERT [dbo].[Operation_Variant_Component] ([id], [operation_variant_id], [equipment_id], [profession_id], [workers_amount]) VALUES (180, 131, 19, NULL, NULL)
INSERT [dbo].[Operation_Variant_Component] ([id], [operation_variant_id], [equipment_id], [profession_id], [workers_amount]) VALUES (181, 132, 16, 1, 1)
INSERT [dbo].[Operation_Variant_Component] ([id], [operation_variant_id], [equipment_id], [profession_id], [workers_amount]) VALUES (182, 132, 19, NULL, NULL)
INSERT [dbo].[Operation_Variant_Component] ([id], [operation_variant_id], [equipment_id], [profession_id], [workers_amount]) VALUES (183, 133, 18, 1, 1)
INSERT [dbo].[Operation_Variant_Component] ([id], [operation_variant_id], [equipment_id], [profession_id], [workers_amount]) VALUES (184, 134, 19, 1, 1)
INSERT [dbo].[Operation_Variant_Component] ([id], [operation_variant_id], [equipment_id], [profession_id], [workers_amount]) VALUES (185, 135, 14, 1, 1)
INSERT [dbo].[Operation_Variant_Component] ([id], [operation_variant_id], [equipment_id], [profession_id], [workers_amount]) VALUES (186, 136, 14, 1, 1)
INSERT [dbo].[Operation_Variant_Component] ([id], [operation_variant_id], [equipment_id], [profession_id], [workers_amount]) VALUES (187, 136, 17, NULL, NULL)
INSERT [dbo].[Operation_Variant_Component] ([id], [operation_variant_id], [equipment_id], [profession_id], [workers_amount]) VALUES (188, 137, 17, 1, 1)
INSERT [dbo].[Operation_Variant_Component] ([id], [operation_variant_id], [equipment_id], [profession_id], [workers_amount]) VALUES (189, 138, 15, 1, 1)
INSERT [dbo].[Operation_Variant_Component] ([id], [operation_variant_id], [equipment_id], [profession_id], [workers_amount]) VALUES (190, 138, 17, NULL, NULL)
INSERT [dbo].[Operation_Variant_Component] ([id], [operation_variant_id], [equipment_id], [profession_id], [workers_amount]) VALUES (191, 139, 16, 1, 1)
INSERT [dbo].[Operation_Variant_Component] ([id], [operation_variant_id], [equipment_id], [profession_id], [workers_amount]) VALUES (192, 139, 17, NULL, NULL)
INSERT [dbo].[Operation_Variant_Component] ([id], [operation_variant_id], [equipment_id], [profession_id], [workers_amount]) VALUES (193, 140, 15, 1, 1)
INSERT [dbo].[Operation_Variant_Component] ([id], [operation_variant_id], [equipment_id], [profession_id], [workers_amount]) VALUES (194, 141, 16, 1, 1)
INSERT [dbo].[Operation_Variant_Component] ([id], [operation_variant_id], [equipment_id], [profession_id], [workers_amount]) VALUES (195, 142, 15, 1, 1)
INSERT [dbo].[Operation_Variant_Component] ([id], [operation_variant_id], [equipment_id], [profession_id], [workers_amount]) VALUES (196, 142, 18, NULL, NULL)
INSERT [dbo].[Operation_Variant_Component] ([id], [operation_variant_id], [equipment_id], [profession_id], [workers_amount]) VALUES (197, 143, 16, 1, 1)
INSERT [dbo].[Operation_Variant_Component] ([id], [operation_variant_id], [equipment_id], [profession_id], [workers_amount]) VALUES (198, 143, 18, NULL, NULL)
INSERT [dbo].[Operation_Variant_Component] ([id], [operation_variant_id], [equipment_id], [profession_id], [workers_amount]) VALUES (199, 144, 15, 1, 1)
INSERT [dbo].[Operation_Variant_Component] ([id], [operation_variant_id], [equipment_id], [profession_id], [workers_amount]) VALUES (200, 144, 19, NULL, NULL)
INSERT [dbo].[Operation_Variant_Component] ([id], [operation_variant_id], [equipment_id], [profession_id], [workers_amount]) VALUES (201, 145, 16, 1, 1)
INSERT [dbo].[Operation_Variant_Component] ([id], [operation_variant_id], [equipment_id], [profession_id], [workers_amount]) VALUES (202, 145, 19, NULL, NULL)
INSERT [dbo].[Operation_Variant_Component] ([id], [operation_variant_id], [equipment_id], [profession_id], [workers_amount]) VALUES (203, 146, 18, 1, 1)
INSERT [dbo].[Operation_Variant_Component] ([id], [operation_variant_id], [equipment_id], [profession_id], [workers_amount]) VALUES (204, 147, 19, 1, 1)
INSERT [dbo].[Operation_Variant_Component] ([id], [operation_variant_id], [equipment_id], [profession_id], [workers_amount]) VALUES (205, 148, 14, 1, 1)
INSERT [dbo].[Operation_Variant_Component] ([id], [operation_variant_id], [equipment_id], [profession_id], [workers_amount]) VALUES (206, 149, 14, 1, 1)
INSERT [dbo].[Operation_Variant_Component] ([id], [operation_variant_id], [equipment_id], [profession_id], [workers_amount]) VALUES (207, 149, 17, NULL, NULL)
INSERT [dbo].[Operation_Variant_Component] ([id], [operation_variant_id], [equipment_id], [profession_id], [workers_amount]) VALUES (208, 150, 17, 1, 1)
INSERT [dbo].[Operation_Variant_Component] ([id], [operation_variant_id], [equipment_id], [profession_id], [workers_amount]) VALUES (209, 151, 15, 1, 1)
INSERT [dbo].[Operation_Variant_Component] ([id], [operation_variant_id], [equipment_id], [profession_id], [workers_amount]) VALUES (210, 151, 17, NULL, NULL)
INSERT [dbo].[Operation_Variant_Component] ([id], [operation_variant_id], [equipment_id], [profession_id], [workers_amount]) VALUES (211, 152, 16, 1, 1)
INSERT [dbo].[Operation_Variant_Component] ([id], [operation_variant_id], [equipment_id], [profession_id], [workers_amount]) VALUES (212, 152, 17, NULL, NULL)
INSERT [dbo].[Operation_Variant_Component] ([id], [operation_variant_id], [equipment_id], [profession_id], [workers_amount]) VALUES (213, 153, 15, 1, 1)
INSERT [dbo].[Operation_Variant_Component] ([id], [operation_variant_id], [equipment_id], [profession_id], [workers_amount]) VALUES (214, 154, 16, 1, 1)
INSERT [dbo].[Operation_Variant_Component] ([id], [operation_variant_id], [equipment_id], [profession_id], [workers_amount]) VALUES (215, 155, 15, 1, 1)
INSERT [dbo].[Operation_Variant_Component] ([id], [operation_variant_id], [equipment_id], [profession_id], [workers_amount]) VALUES (216, 155, 18, NULL, NULL)
INSERT [dbo].[Operation_Variant_Component] ([id], [operation_variant_id], [equipment_id], [profession_id], [workers_amount]) VALUES (217, 156, 16, 1, 1)
INSERT [dbo].[Operation_Variant_Component] ([id], [operation_variant_id], [equipment_id], [profession_id], [workers_amount]) VALUES (218, 156, 18, NULL, NULL)
INSERT [dbo].[Operation_Variant_Component] ([id], [operation_variant_id], [equipment_id], [profession_id], [workers_amount]) VALUES (219, 157, 15, 1, 1)
INSERT [dbo].[Operation_Variant_Component] ([id], [operation_variant_id], [equipment_id], [profession_id], [workers_amount]) VALUES (220, 157, 19, NULL, NULL)
INSERT [dbo].[Operation_Variant_Component] ([id], [operation_variant_id], [equipment_id], [profession_id], [workers_amount]) VALUES (221, 158, 16, 1, 1)
INSERT [dbo].[Operation_Variant_Component] ([id], [operation_variant_id], [equipment_id], [profession_id], [workers_amount]) VALUES (222, 158, 19, NULL, NULL)
INSERT [dbo].[Operation_Variant_Component] ([id], [operation_variant_id], [equipment_id], [profession_id], [workers_amount]) VALUES (223, 159, 18, 1, 1)
INSERT [dbo].[Operation_Variant_Component] ([id], [operation_variant_id], [equipment_id], [profession_id], [workers_amount]) VALUES (224, 160, 19, 1, 1)